{
    "utterances": [
        {
            "text": "Alexa",
            "entities": [],
            "traits": [],
            "intent": "wake_up"
        },
        {
            "text": "Hey Alexa",
            "entities": [],
            "traits": [],
            "intent": "wake_up"
        },
        {
            "text": "Lights off",
            "entities": [],
            "traits": [],
            "intent": "turn_lights_off"
        },
        {
            "text": "Lights on",
            "entities": [],
            "traits": [],
            "intent": "turn_lights_on"
        },
        {
            "text": "Turn the lights off",
            "entities": [],
            "traits": [],
            "intent": "turn_lights_off"
        },
        {
            "text": "Turn the lights on",
            "entities": [],
            "traits": [],
            "intent": "turn_lights_on"
        }
    ]
}
