{
    "name": "activation_phrase",
    "roles": [
        "activation_phrase"
    ],
    "lookups": [
        "free-text",
        "keywords"
    ],
    "keywords": [
        {
            "keyword": "hey Alexa",
            "synonyms": [
                "alexa",
                "hey Alexa",
                "listen up",
                "voice assistant"
            ]
        },
        {
            "keyword": "wake up",
            "synonyms": [
                "activate",
                "begin",
                "start listening",
                "wake up"
            ]
        }
    ]
}
