{
    "name": "light_state",
    "roles": [
        "light_state"
    ],
    "lookups": [
        "free-text",
        "keywords"
    ],
    "keywords": [
        {
            "keyword": "off",
            "synonyms": [
                "deactivate lights",
                "disable lights",
                "lights off",
                "turn lights off"
            ]
        },
        {
            "keyword": "on",
            "synonyms": [
                "activate lights",
                "enable lights",
                "lights on",
                "turn lights on"
            ]
        }
    ]
}
